student_id,student_number,student_name_anonymized,class_id,first_seen_date,last_seen_date,months_present_in_dataset
STU_104463,104463,SISWA_042,Kls 8_SISWA_032,2025-08-01,2025-11-30,4
STU_106596,106596,SISWA_056,Kls 8_SISWA_052,2025-08-01,2025-11-30,4
STU_115306,115306,SISWA_044,Kls 8_SISWA_032,2025-08-01,2025-11-30,4
STU_121196,121196,SISWA_030,Kls 7_SISWA_017,2025-08-01,2025-11-30,4
STU_125724,125724,SISWA_060,Kls 8_SISWA_052,2025-08-01,2025-09-30,2
STU_129173,129173,SISWA_064,Kls 8_SISWA_052,2025-08-01,2025-11-30,4
STU_131458,131458,SISWA_079,Kls 9_SISWA_072,2025-08-01,2025-11-30,4
STU_132430,132430,SISWA_069,Kls 8_SISWA_052,2025-08-01,2025-11-30,4
STU_133005,133005,SISWA_040,Kls 8_SISWA_032,2025-08-01,2025-11-30,4
STU_138163,138163,SISWA_071,Kls 8_SISWA_052,2025-08-01,2025-11-30,4
STU_139313,139313,SISWA_094,Kls 9_SISWA_085,2025-08-01,2025-11-30,4
STU_140242,140242,SISWA_013,Kls 7_SISWA_001,2025-08-01,2025-11-30,4
STU_147311,147311,SISWA_059,Kls 8_SISWA_052,2025-08-01,2025-11-30,4
STU_148671,148671,SISWA_070,Kls 8_SISWA_052,2025-08-01,2025-11-30,4
STU_154456,154456,SISWA_062,Kls 8_SISWA_052,2025-08-01,2025-11-30,4
STU_159160,159160,SISWA_054,Kls 8_SISWA_052,2025-08-01,2025-11-30,4
STU_161565,161565,SISWA_039,Kls 8_SISWA_032,2025-08-01,2025-11-30,4
STU_167780,167780,SISWA_061,Kls 8_SISWA_052,2025-08-01,2025-11-30,4
STU_168620,168620,SISWA_051,Kls 8_SISWA_032,2025-08-01,2025-11-30,4
STU_172399,172399,SISWA_038,Kls 8_SISWA_032,2025-08-01,2025-11-30,4
STU_172550,172550,SISWA_078,Kls 9_SISWA_072,2025-08-01,2025-11-30,4
STU_173336,173336,SISWA_014,Kls 7_SISWA_001,2025-08-01,2025-11-30,4
STU_184800,184800,SISWA_091,Kls 9_SISWA_085,2025-08-01,2025-11-30,4
STU_198676,198676,SISWA_048,Kls 8_SISWA_032,2025-08-01,2025-11-30,4
STU_199508,199508,SISWA_065,Kls 8_SISWA_052,2025-08-01,2025-11-30,4
STU_204447,204447,SISWA_067,Kls 8_SISWA_052,2025-08-01,2025-11-30,4
STU_205700,205700,SISWA_045,Kls 8_SISWA_032,2025-08-01,2025-11-30,4
STU_210169,210169,SISWA_015,Kls 7_SISWA_001,2025-08-01,2025-11-30,4
STU_215641,215641,SISWA_007,Kls 7_SISWA_001,2025-08-01,2025-11-30,4
STU_217828,217828,SISWA_025,Kls 7_SISWA_017,2025-08-01,2025-11-30,4
STU_219814,219814,SISWA_049,Kls 8_SISWA_032,2025-08-01,2025-11-30,4
STU_220205,220205,SISWA_055,Kls 8_SISWA_052,2025-08-01,2025-11-30,4
STU_220671,220671,SISWA_002,Kls 7_SISWA_001,2025-08-01,2025-11-30,4
STU_223921,223921,SISWA_004,Kls 7_SISWA_001,2025-08-01,2025-11-30,4
STU_225779,225779,SISWA_089,Kls 9_SISWA_085,2025-08-01,2025-08-31,1
STU_240320,240320,SISWA_050,Kls 8_SISWA_032,2025-08-01,2025-11-30,4
STU_243092,243092,SISWA_080,Kls 9_SISWA_072,2025-08-01,2025-11-30,4
STU_245751,245751,SISWA_086,Kls 9_SISWA_085,2025-08-01,2025-11-30,4
STU_245836,245836,SISWA_031,Kls 7_SISWA_017,2025-08-01,2025-11-30,4
STU_252576,252576,SISWA_077,Kls 9_SISWA_072,2025-08-01,2025-11-30,4
STU_255798,255798,SISWA_034,Kls 8_SISWA_032,2025-08-01,2025-11-30,4
STU_260831,260831,SISWA_095,Kls 9_SISWA_085,2025-08-01,2025-11-30,4
STU_272196,272196,SISWA_033,Kls 8_SISWA_032,2025-08-01,2025-11-30,4
STU_273725,273725,SISWA_047,Kls 8_SISWA_032,2025-08-01,2025-11-30,4
STU_277779,277779,SISWA_090,Kls 9_SISWA_085,2025-08-01,2025-11-30,4
STU_291363,291363,SISWA_058,Kls 8_SISWA_052,2025-08-01,2025-11-30,4
STU_297044,297044,SISWA_023,Kls 7_SISWA_017,2025-08-01,2025-11-30,4
STU_297354,297354,SISWA_041,Kls 8_SISWA_032,2025-08-01,2025-11-30,4
STU_297409,297409,SISWA_021,Kls 7_SISWA_017,2025-08-01,2025-11-30,4
STU_303460,303460,SISWA_018,Kls 7_SISWA_017,2025-08-01,2025-11-30,4
STU_305374,305374,SISWA_053,Kls 8_SISWA_052,2025-08-01,2025-11-30,4
STU_306367,306367,SISWA_081,Kls 9_SISWA_072,2025-08-01,2025-11-30,4
STU_308752,308752,SISWA_043,Kls 8_SISWA_032,2025-08-01,2025-11-30,4
STU_318165,318165,SISWA_022,Kls 7_SISWA_017,2025-08-01,2025-11-30,4
STU_321927,321927,SISWA_084,Kls 9_SISWA_072,2025-08-01,2025-11-30,4
STU_322962,322962,SISWA_009,Kls 7_SISWA_001,2025-08-01,2025-11-30,4
STU_326384,326384,SISWA_096,Kls 9_SISWA_085,2025-08-01,2025-11-30,4
STU_334027,334027,SISWA_019,Kls 7_SISWA_017,2025-08-01,2025-11-30,4
STU_345817,345817,SISWA_020,Kls 7_SISWA_017,2025-08-01,2025-11-30,4
STU_349749,349749,SISWA_088,Kls 9_SISWA_085,2025-08-01,2025-11-30,4
STU_354971,354971,SISWA_068,Kls 8_SISWA_052,2025-08-01,2025-11-30,4
STU_355524,355524,SISWA_066,Kls 8_SISWA_052,2025-08-01,2025-11-30,4
STU_356201,356201,SISWA_027,Kls 7_SISWA_017,2025-08-01,2025-11-30,4
STU_357838,357838,SISWA_006,Kls 7_SISWA_001,2025-08-01,2025-11-30,4
STU_363027,363027,SISWA_076,Kls 9_SISWA_072,2025-08-01,2025-11-30,4
STU_369842,369842,SISWA_008,Kls 7_SISWA_001,2025-08-01,2025-11-30,4
STU_370517,370517,SISWA_035,Kls 8_SISWA_032,2025-08-01,2025-11-30,4
STU_370838,370838,SISWA_074,Kls 9_SISWA_072,2025-08-01,2025-11-30,4
STU_383686,383686,SISWA_011,Kls 7_SISWA_001,2025-08-01,2025-11-30,4
STU_385144,385144,SISWA_036,Kls 8_SISWA_032,2025-08-01,2025-11-30,4
STU_386123,386123,SISWA_024,Kls 7_SISWA_017,2025-08-01,2025-11-30,4
STU_386287,386287,SISWA_046,Kls 8_SISWA_032,2025-08-01,2025-11-30,4
STU_388988,388988,SISWA_087,Kls 9_SISWA_085,2025-08-01,2025-11-30,4
STU_410398,410398,SISWA_057,Kls 8_SISWA_052,2025-08-01,2025-11-30,4
STU_410895,410895,SISWA_093,Kls 9_SISWA_085,2025-08-01,2025-11-30,4
STU_411216,411216,SISWA_075,Kls 9_SISWA_072,2025-08-01,2025-11-30,4
STU_411909,411909,SISWA_012,Kls 7_SISWA_001,2025-08-01,2025-11-30,4
STU_413759,413759,SISWA_010,Kls 7_SISWA_001,2025-08-01,2025-11-30,4
STU_472811,472811,SISWA_005,Kls 7_SISWA_001,2025-08-01,2025-11-30,4
STU_514579,514579,SISWA_028,Kls 7_SISWA_017,2025-08-01,2025-11-30,4
STU_562996,562996,SISWA_082,Kls 9_SISWA_072,2025-08-01,2025-11-30,4
STU_589713,589713,SISWA_003,Kls 7_SISWA_001,2025-08-01,2025-11-30,4
STU_638830,638830,SISWA_063,Kls 8_SISWA_052,2025-08-01,2025-11-30,4
STU_737914,737914,SISWA_073,Kls 9_SISWA_072,2025-08-01,2025-11-30,4
STU_844747,844747,SISWA_037,Kls 8_SISWA_032,2025-08-01,2025-11-30,4
STU_933685,933685,SISWA_092,Kls 9_SISWA_085,2025-08-01,2025-11-30,4
STU_954013,954013,SISWA_026,Kls 7_SISWA_017,2025-08-01,2025-11-30,4
STU_957482,957482,SISWA_029,Kls 7_SISWA_017,2025-08-01,2025-11-30,4
STU_968720,968720,SISWA_083,Kls 9_SISWA_072,2025-08-01,2025-11-30,4
