injection_id,anomaly_event_id,anomaly_type,student_id,date,original_record_id,modified_record_id,description,severity,random_seed,ground_truth_anomaly
inj_001,evt_001,DUPLICATE,STU_349749,2025-09-11,rec_30abafe2905f0693,rec_dup_inj_001,Injected exact duplicate observation for student STU_349749 on 2025-09-11.,HIGH,42,TRUE
inj_002,evt_002,DUPLICATE,STU_129173,2025-08-27,rec_89123aeec09ebf8f,rec_dup_inj_002,Injected exact duplicate observation for student STU_129173 on 2025-08-27.,HIGH,42,TRUE
inj_003,evt_003,DUPLICATE,STU_210169,2025-08-07,rec_1cba1faff23c14aa,rec_dup_inj_003,Injected exact duplicate observation for student STU_210169 on 2025-08-07.,HIGH,42,TRUE
inj_004,evt_004,DUPLICATE,STU_199508,2025-11-08,rec_d3c02630aac3ddaa,rec_dup_inj_004,Injected exact duplicate observation for student STU_199508 on 2025-11-08.,HIGH,42,TRUE
inj_005,evt_005,DUPLICATE,STU_386287,2025-11-24,rec_077e4b1f2cf594ca,rec_dup_inj_005,Injected exact duplicate observation for student STU_386287 on 2025-11-24.,HIGH,42,TRUE
inj_006,evt_006,DUPLICATE,STU_255798,2025-11-29,rec_eb21203444f1470d,rec_dup_inj_006,Injected exact duplicate observation for student STU_255798 on 2025-11-29.,HIGH,42,TRUE
inj_007,evt_007,DUPLICATE,STU_243092,2025-08-24,rec_9de2483c796ff977,rec_dup_inj_007,Injected exact duplicate observation for student STU_243092 on 2025-08-24.,HIGH,42,TRUE
inj_008,evt_008,DUPLICATE,STU_125724,2025-08-06,rec_55e5cc781da11d04,rec_dup_inj_008,Injected exact duplicate observation for student STU_125724 on 2025-08-06.,HIGH,42,TRUE
inj_009,evt_009,DUPLICATE,STU_272196,2025-09-30,rec_9d461f91d8ffd1c7,rec_dup_inj_009,Injected exact duplicate observation for student STU_272196 on 2025-09-30.,HIGH,42,TRUE
inj_010,evt_010,DUPLICATE,STU_240320,2025-08-30,rec_c930a7da4978efcc,rec_dup_inj_010,Injected exact duplicate observation for student STU_240320 on 2025-08-30.,HIGH,42,TRUE
inj_011,evt_011,DUPLICATE,STU_147311,2025-09-19,rec_d60d0e4ab7dcdf60,rec_dup_inj_011,Injected exact duplicate observation for student STU_147311 on 2025-09-19.,HIGH,42,TRUE
inj_012,evt_012,DUPLICATE,STU_220205,2025-10-25,rec_48348fb4782e3960,rec_dup_inj_012,Injected exact duplicate observation for student STU_220205 on 2025-10-25.,HIGH,42,TRUE
inj_013,evt_013,DUPLICATE,STU_345817,2025-08-25,rec_ecc7226b290420ca,rec_dup_inj_013,Injected exact duplicate observation for student STU_345817 on 2025-08-25.,HIGH,42,TRUE
inj_014,evt_014,DUPLICATE,STU_334027,2025-08-24,rec_87d88ef5fb5187e7,rec_dup_inj_014,Injected exact duplicate observation for student STU_334027 on 2025-08-24.,HIGH,42,TRUE
inj_015,evt_015,DUPLICATE,STU_220205,2025-08-17,rec_4a1d77085debde74,rec_dup_inj_015,Injected exact duplicate observation for student STU_220205 on 2025-08-17.,HIGH,42,TRUE
inj_016,evt_016,CONFLICT,STU_272196,2025-11-21,rec_669e75ba105a6907,rec_conf_inj_016,Injected conflicting observation with status mark 'a' for student STU_272196 on 2025-11-21.,HIGH,42,TRUE
inj_017,evt_017,CONFLICT,STU_297354,2025-11-15,rec_2f81cf1465f7f835,rec_conf_inj_017,Injected conflicting observation with status mark 'a' for student STU_297354 on 2025-11-15.,HIGH,42,TRUE
inj_018,evt_018,CONFLICT,STU_411909,2025-09-25,rec_185a0eef212c549e,rec_conf_inj_018,Injected conflicting observation with status mark 'a' for student STU_411909 on 2025-09-25.,HIGH,42,TRUE
inj_019,evt_019,CONFLICT,STU_148671,2025-09-24,rec_29d8479109b6a7e8,rec_conf_inj_019,Injected conflicting observation with status mark 's' for student STU_148671 on 2025-09-24.,HIGH,42,TRUE
inj_020,evt_020,CONFLICT,STU_303460,2025-08-04,rec_92bcdb39c257f62b,rec_conf_inj_020,Injected conflicting observation with status mark 's' for student STU_303460 on 2025-08-04.,HIGH,42,TRUE
inj_021,evt_021,CONFLICT,STU_273725,2025-09-07,rec_5f5bc8a89f264c88,rec_conf_inj_021,Injected conflicting observation with status mark 'a' for student STU_273725 on 2025-09-07.,HIGH,42,TRUE
inj_022,evt_022,CONFLICT,STU_297409,2025-11-24,rec_91757b06001f9423,rec_conf_inj_022,Injected conflicting observation with status mark 's' for student STU_297409 on 2025-11-24.,HIGH,42,TRUE
inj_023,evt_023,CONFLICT,STU_172399,2025-09-08,rec_c2979e26100b234c,rec_conf_inj_023,Injected conflicting observation with status mark 's' for student STU_172399 on 2025-09-08.,HIGH,42,TRUE
inj_024,evt_024,CONFLICT,STU_410398,2025-10-10,rec_ffb16adb5f877997,rec_conf_inj_024,Injected conflicting observation with status mark 'a' for student STU_410398 on 2025-10-10.,HIGH,42,TRUE
inj_025,evt_025,CONFLICT,STU_255798,2025-11-21,rec_7e7ad1bbeb7fd52b,rec_conf_inj_025,Injected conflicting observation with status mark 's' for student STU_255798 on 2025-11-21.,HIGH,42,TRUE
inj_026,evt_026,CONFLICT,STU_411216,2025-10-06,rec_4772677af3ed7ad7,rec_conf_inj_026,Injected conflicting observation with status mark 'a' for student STU_411216 on 2025-10-06.,HIGH,42,TRUE
inj_027,evt_027,CONFLICT,STU_638830,2025-09-22,rec_592cbca39539989e,rec_conf_inj_027,Injected conflicting observation with status mark 'a' for student STU_638830 on 2025-09-22.,HIGH,42,TRUE
inj_028,evt_028,CONFLICT,STU_354971,2025-11-21,rec_8b5a3d36bf7e1173,rec_conf_inj_028,Injected conflicting observation with status mark 'a' for student STU_354971 on 2025-11-21.,HIGH,42,TRUE
inj_029,evt_029,CONFLICT,STU_472811,2025-08-14,rec_a16bb487fb49c7d5,rec_conf_inj_029,Injected conflicting observation with status mark 's' for student STU_472811 on 2025-08-14.,HIGH,42,TRUE
inj_030,evt_030,CONFLICT,STU_410895,2025-08-11,rec_4e1a0f349a6f2d09,rec_conf_inj_030,Injected conflicting observation with status mark 'a' for student STU_410895 on 2025-08-11.,HIGH,42,TRUE
inj_031,evt_031,MISSING_RECORD,STU_385144,2025-09-15,rec_2ee6b493407f660f,,Removed expected observation for student STU_385144 on verified school date 2025-09-15.,CRITICAL,42,TRUE
inj_032,evt_032,MISSING_RECORD,STU_243092,2025-08-11,rec_ab0b853c52b2f1ce,,Removed expected observation for student STU_243092 on verified school date 2025-08-11.,CRITICAL,42,TRUE
inj_033,evt_033,MISSING_RECORD,STU_106596,2025-10-02,rec_b604667615bee0e3,,Removed expected observation for student STU_106596 on verified school date 2025-10-02.,CRITICAL,42,TRUE
inj_034,evt_034,MISSING_RECORD,STU_168620,2025-08-11,rec_ea965932f607d282,,Removed expected observation for student STU_168620 on verified school date 2025-08-11.,CRITICAL,42,TRUE
inj_035,evt_035,MISSING_RECORD,STU_308752,2025-09-01,rec_b73cd70ed5a62b9e,,Removed expected observation for student STU_308752 on verified school date 2025-09-01.,CRITICAL,42,TRUE
inj_036,evt_036,MISSING_RECORD,STU_140242,2025-10-07,rec_18a835ff15d0ab8e,,Removed expected observation for student STU_140242 on verified school date 2025-10-07.,CRITICAL,42,TRUE
inj_037,evt_037,MISSING_RECORD,STU_363027,2025-09-16,rec_ac66098ffed3a67e,,Removed expected observation for student STU_363027 on verified school date 2025-09-16.,CRITICAL,42,TRUE
inj_038,evt_038,MISSING_RECORD,STU_138163,2025-09-11,rec_6e4333fef192f356,,Removed expected observation for student STU_138163 on verified school date 2025-09-11.,CRITICAL,42,TRUE
inj_039,evt_039,MISSING_RECORD,STU_273725,2025-10-14,rec_ed0a8c46ac80eb88,,Removed expected observation for student STU_273725 on verified school date 2025-10-14.,CRITICAL,42,TRUE
inj_040,evt_040,MISSING_RECORD,STU_159160,2025-09-11,rec_db90a9643d02e18d,,Removed expected observation for student STU_159160 on verified school date 2025-09-11.,CRITICAL,42,TRUE
inj_041,evt_041,MISSING_RECORD,STU_370517,2025-11-06,rec_d0914a524464d79f,,Removed expected observation for student STU_370517 on verified school date 2025-11-06.,CRITICAL,42,TRUE
inj_042,evt_042,MISSING_RECORD,STU_205700,2025-08-27,rec_70b16058c413f96d,,Removed expected observation for student STU_205700 on verified school date 2025-08-27.,CRITICAL,42,TRUE
inj_043,evt_043,MISSING_RECORD,STU_121196,2025-08-29,rec_96793858a837483a,,Removed expected observation for student STU_121196 on verified school date 2025-08-29.,CRITICAL,42,TRUE
inj_044,evt_044,MISSING_RECORD,STU_184800,2025-09-29,rec_b6f700c3094df7cc,,Removed expected observation for student STU_184800 on verified school date 2025-09-29.,CRITICAL,42,TRUE
inj_045,evt_045,MISSING_RECORD,STU_638830,2025-11-14,rec_799fe52e8353804a,,Removed expected observation for student STU_638830 on verified school date 2025-11-14.,CRITICAL,42,TRUE
inj_046,evt_046,INVALID_RECORD,STU_370838,2025-11-28,rec_b6ba35466cbd4fba,rec_b6ba35466cbd4fba,Injected invalid record (Malformed date string (2025-08-32)) for student STU_370838 on 2025-11-28.,HIGH,42,TRUE
inj_047,evt_047,INVALID_RECORD,STU_273725,2025-08-13,rec_2ef0282b785dc9f2,rec_2ef0282b785dc9f2,Injected invalid record (Malformed date string (2025-08-32)) for student STU_273725 on 2025-08-13.,HIGH,42,TRUE
inj_048,evt_048,INVALID_RECORD,STU_133005,2025-11-26,rec_c0cb59f6010dafed,rec_c0cb59f6010dafed,Injected invalid record (Malformed date string (2025-08-32)) for student STU_133005 on 2025-11-26.,HIGH,42,TRUE
inj_049,evt_049,INVALID_RECORD,STU_147311,2025-08-22,rec_2d9efc32966a99d6,rec_2d9efc32966a99d6,Injected invalid record (Malformed date string (2025-08-32)) for student STU_147311 on 2025-08-22.,HIGH,42,TRUE
inj_050,evt_050,INVALID_RECORD,STU_272196,2025-10-17,rec_74d8e6b77b78a85c,rec_74d8e6b77b78a85c,Injected invalid record (Malformed date string (2025-08-32)) for student STU_272196 on 2025-10-17.,HIGH,42,TRUE
inj_051,evt_051,INVALID_RECORD,STU_204447,2025-11-20,rec_a50218455e8fb0e4,rec_a50218455e8fb0e4,Injected invalid record (Invalid raw status token (X_INVALID)) for student STU_204447 on 2025-11-20.,HIGH,42,TRUE
inj_052,evt_052,INVALID_RECORD,STU_411216,2025-10-14,rec_e13745542fe68dda,rec_e13745542fe68dda,Injected invalid record (Invalid raw status token (X_INVALID)) for student STU_411216 on 2025-10-14.,HIGH,42,TRUE
inj_053,evt_053,INVALID_RECORD,STU_388988,2025-09-23,rec_6d6f43ea0430a1ef,rec_6d6f43ea0430a1ef,Injected invalid record (Invalid raw status token (X_INVALID)) for student STU_388988 on 2025-09-23.,HIGH,42,TRUE
inj_054,evt_054,INVALID_RECORD,STU_386123,2025-10-15,rec_d431573ae03c3181,rec_d431573ae03c3181,Injected invalid record (Invalid raw status token (X_INVALID)) for student STU_386123 on 2025-10-15.,HIGH,42,TRUE
inj_055,evt_055,INVALID_RECORD,STU_139313,2025-08-14,rec_c7076e8d10edd4f3,rec_c7076e8d10edd4f3,Injected invalid record (Invalid raw status token (X_INVALID)) for student STU_139313 on 2025-08-14.,HIGH,42,TRUE
inj_056,evt_056,INVALID_RECORD,STU_356201,2025-10-10,rec_d2e262658b49b05d,rec_d2e262658b49b05d,Injected invalid record (Invalid class ID (Kls_UNKNOWN_999)) for student STU_356201 on 2025-10-10.,HIGH,42,TRUE
inj_057,evt_057,INVALID_RECORD,STU_334027,2025-10-13,rec_4b12acbe5fc934f7,rec_4b12acbe5fc934f7,Injected invalid record (Invalid class ID (Kls_UNKNOWN_999)) for student STU_334027 on 2025-10-13.,HIGH,42,TRUE
inj_058,evt_058,INVALID_RECORD,STU_954013,2025-11-30,rec_47273f35057d53e2,rec_47273f35057d53e2,Injected invalid record (Invalid class ID (Kls_UNKNOWN_999)) for student STU_954013 on 2025-11-30.,HIGH,42,TRUE
inj_059,evt_059,INVALID_RECORD,STU_167780,2025-11-18,rec_1b90faca25889ded,rec_1b90faca25889ded,Injected invalid record (Invalid class ID (Kls_UNKNOWN_999)) for student STU_167780 on 2025-11-18.,HIGH,42,TRUE
inj_060,evt_060,INVALID_RECORD,STU_260831,2025-09-17,rec_9d11c7e3c6307f2c,rec_9d11c7e3c6307f2c,Injected invalid record (Invalid class ID (Kls_UNKNOWN_999)) for student STU_260831 on 2025-09-17.,HIGH,42,TRUE
inj_061,evt_061,BEHAVIORAL_SPIKE,STU_273725,2025-09-26,rec_e55974963249abc2,rec_e55974963249abc2,Injected BEHAVIORAL_SPIKE observation (SOURCE_MARK_S) for student STU_273725 on 2025-09-26.,MEDIUM,42,TRUE
inj_061,evt_061,BEHAVIORAL_SPIKE,STU_273725,2025-09-29,rec_a5610398f5b1bcc2,rec_a5610398f5b1bcc2,Injected BEHAVIORAL_SPIKE observation (SOURCE_MARK_S) for student STU_273725 on 2025-09-29.,MEDIUM,42,TRUE
inj_061,evt_061,BEHAVIORAL_SPIKE,STU_273725,2025-10-01,rec_57b9202544b66601,rec_57b9202544b66601,Injected BEHAVIORAL_SPIKE observation (SOURCE_MARK_S) for student STU_273725 on 2025-10-01.,MEDIUM,42,TRUE
inj_061,evt_061,BEHAVIORAL_SPIKE,STU_273725,2025-10-02,rec_1ad370918af23f45,rec_1ad370918af23f45,Injected BEHAVIORAL_SPIKE observation (SOURCE_MARK_S) for student STU_273725 on 2025-10-02.,MEDIUM,42,TRUE
inj_062,evt_062,BEHAVIORAL_SPIKE,STU_154456,2025-08-07,rec_a864aa3826e3c274,rec_a864aa3826e3c274,Injected BEHAVIORAL_SPIKE observation (SOURCE_MARK_S) for student STU_154456 on 2025-08-07.,MEDIUM,42,TRUE
inj_062,evt_062,BEHAVIORAL_SPIKE,STU_154456,2025-08-08,rec_0d51feb3d7b0c9f9,rec_0d51feb3d7b0c9f9,Injected BEHAVIORAL_SPIKE observation (SOURCE_MARK_S) for student STU_154456 on 2025-08-08.,MEDIUM,42,TRUE
inj_062,evt_062,BEHAVIORAL_SPIKE,STU_154456,2025-08-11,rec_cb0bc994eed2669c,rec_cb0bc994eed2669c,Injected BEHAVIORAL_SPIKE observation (SOURCE_MARK_S) for student STU_154456 on 2025-08-11.,MEDIUM,42,TRUE
inj_062,evt_062,BEHAVIORAL_SPIKE,STU_154456,2025-08-12,rec_8f1872a2e458a94b,rec_8f1872a2e458a94b,Injected BEHAVIORAL_SPIKE observation (SOURCE_MARK_S) for student STU_154456 on 2025-08-12.,MEDIUM,42,TRUE
inj_063,evt_063,BEHAVIORAL_SPIKE,STU_318165,2025-08-20,rec_af4e2ab2129bed58,rec_af4e2ab2129bed58,Injected BEHAVIORAL_SPIKE observation (SOURCE_MARK_S) for student STU_318165 on 2025-08-20.,MEDIUM,42,TRUE
inj_063,evt_063,BEHAVIORAL_SPIKE,STU_318165,2025-08-21,rec_1349059f0a1885e7,rec_1349059f0a1885e7,Injected BEHAVIORAL_SPIKE observation (SOURCE_MARK_S) for student STU_318165 on 2025-08-21.,MEDIUM,42,TRUE
inj_063,evt_063,BEHAVIORAL_SPIKE,STU_318165,2025-08-25,rec_cb19eb85fc0fa55e,rec_cb19eb85fc0fa55e,Injected BEHAVIORAL_SPIKE observation (SOURCE_MARK_S) for student STU_318165 on 2025-08-25.,MEDIUM,42,TRUE
inj_063,evt_063,BEHAVIORAL_SPIKE,STU_318165,2025-08-26,rec_afed676014f06ff0,rec_afed676014f06ff0,Injected BEHAVIORAL_SPIKE observation (SOURCE_MARK_S) for student STU_318165 on 2025-08-26.,MEDIUM,42,TRUE
inj_064,evt_064,BEHAVIORAL_SPIKE,STU_168620,2025-09-16,rec_a38c5587f4dbb322,rec_a38c5587f4dbb322,Injected BEHAVIORAL_SPIKE observation (SOURCE_MARK_S) for student STU_168620 on 2025-09-16.,MEDIUM,42,TRUE
inj_064,evt_064,BEHAVIORAL_SPIKE,STU_168620,2025-09-17,rec_7b932c443c742a00,rec_7b932c443c742a00,Injected BEHAVIORAL_SPIKE observation (SOURCE_MARK_S) for student STU_168620 on 2025-09-17.,MEDIUM,42,TRUE
inj_064,evt_064,BEHAVIORAL_SPIKE,STU_168620,2025-09-18,rec_2077540b4bab6b86,rec_2077540b4bab6b86,Injected BEHAVIORAL_SPIKE observation (SOURCE_MARK_S) for student STU_168620 on 2025-09-18.,MEDIUM,42,TRUE
inj_064,evt_064,BEHAVIORAL_SPIKE,STU_168620,2025-09-19,rec_759c0d47590917b1,rec_759c0d47590917b1,Injected BEHAVIORAL_SPIKE observation (SOURCE_MARK_S) for student STU_168620 on 2025-09-19.,MEDIUM,42,TRUE
inj_065,evt_065,BEHAVIORAL_SPIKE,STU_369842,2025-11-07,rec_7736043d9045dc4b,rec_7736043d9045dc4b,Injected BEHAVIORAL_SPIKE observation (SOURCE_MARK_S) for student STU_369842 on 2025-11-07.,MEDIUM,42,TRUE
inj_065,evt_065,BEHAVIORAL_SPIKE,STU_369842,2025-11-11,rec_47f57ade89c5ae0f,rec_47f57ade89c5ae0f,Injected BEHAVIORAL_SPIKE observation (SOURCE_MARK_S) for student STU_369842 on 2025-11-11.,MEDIUM,42,TRUE
inj_065,evt_065,BEHAVIORAL_SPIKE,STU_369842,2025-11-12,rec_ac627760fdbecf7d,rec_ac627760fdbecf7d,Injected BEHAVIORAL_SPIKE observation (SOURCE_MARK_S) for student STU_369842 on 2025-11-12.,MEDIUM,42,TRUE
inj_065,evt_065,BEHAVIORAL_SPIKE,STU_369842,2025-11-13,rec_1f3219abe23480e1,rec_1f3219abe23480e1,Injected BEHAVIORAL_SPIKE observation (SOURCE_MARK_S) for student STU_369842 on 2025-11-13.,MEDIUM,42,TRUE
inj_066,evt_066,BEHAVIORAL_SPIKE,STU_297044,2025-11-04,rec_a7b7f28ed8a1e0a7,rec_a7b7f28ed8a1e0a7,Injected BEHAVIORAL_SPIKE observation (SOURCE_MARK_S) for student STU_297044 on 2025-11-04.,MEDIUM,42,TRUE
inj_066,evt_066,BEHAVIORAL_SPIKE,STU_297044,2025-11-05,rec_b94cfb4962dbdc69,rec_b94cfb4962dbdc69,Injected BEHAVIORAL_SPIKE observation (SOURCE_MARK_S) for student STU_297044 on 2025-11-05.,MEDIUM,42,TRUE
inj_066,evt_066,BEHAVIORAL_SPIKE,STU_297044,2025-11-06,rec_061c2f6b9a0bae1c,rec_061c2f6b9a0bae1c,Injected BEHAVIORAL_SPIKE observation (SOURCE_MARK_S) for student STU_297044 on 2025-11-06.,MEDIUM,42,TRUE
inj_066,evt_066,BEHAVIORAL_SPIKE,STU_297044,2025-11-07,rec_e13bc92f5cc0b975,rec_e13bc92f5cc0b975,Injected BEHAVIORAL_SPIKE observation (SOURCE_MARK_S) for student STU_297044 on 2025-11-07.,MEDIUM,42,TRUE
inj_067,evt_067,BEHAVIORAL_SPIKE,STU_954013,2025-10-31,rec_6fb5e5e90ce86745,rec_6fb5e5e90ce86745,Injected BEHAVIORAL_SPIKE observation (SOURCE_MARK_S) for student STU_954013 on 2025-10-31.,MEDIUM,42,TRUE
inj_067,evt_067,BEHAVIORAL_SPIKE,STU_954013,2025-11-03,rec_53c77e4081afb52d,rec_53c77e4081afb52d,Injected BEHAVIORAL_SPIKE observation (SOURCE_MARK_S) for student STU_954013 on 2025-11-03.,MEDIUM,42,TRUE
inj_067,evt_067,BEHAVIORAL_SPIKE,STU_954013,2025-11-04,rec_47a59b209c502ecb,rec_47a59b209c502ecb,Injected BEHAVIORAL_SPIKE observation (SOURCE_MARK_S) for student STU_954013 on 2025-11-04.,MEDIUM,42,TRUE
inj_067,evt_067,BEHAVIORAL_SPIKE,STU_954013,2025-11-05,rec_e0ed695cb3300caf,rec_e0ed695cb3300caf,Injected BEHAVIORAL_SPIKE observation (SOURCE_MARK_S) for student STU_954013 on 2025-11-05.,MEDIUM,42,TRUE
inj_068,evt_068,BEHAVIORAL_SPIKE,STU_308752,2025-09-10,rec_4eae9db9b0a53d9e,rec_4eae9db9b0a53d9e,Injected BEHAVIORAL_SPIKE observation (SOURCE_MARK_S) for student STU_308752 on 2025-09-10.,MEDIUM,42,TRUE
inj_068,evt_068,BEHAVIORAL_SPIKE,STU_308752,2025-09-11,rec_261982ded7c0254c,rec_261982ded7c0254c,Injected BEHAVIORAL_SPIKE observation (SOURCE_MARK_S) for student STU_308752 on 2025-09-11.,MEDIUM,42,TRUE
inj_068,evt_068,BEHAVIORAL_SPIKE,STU_308752,2025-09-12,rec_84c338e13dd94a61,rec_84c338e13dd94a61,Injected BEHAVIORAL_SPIKE observation (SOURCE_MARK_S) for student STU_308752 on 2025-09-12.,MEDIUM,42,TRUE
inj_068,evt_068,BEHAVIORAL_SPIKE,STU_308752,2025-09-15,rec_4a10bdd98d65192d,rec_4a10bdd98d65192d,Injected BEHAVIORAL_SPIKE observation (SOURCE_MARK_S) for student STU_308752 on 2025-09-15.,MEDIUM,42,TRUE
inj_069,evt_069,BEHAVIORAL_SPIKE,STU_140242,2025-09-02,rec_0ff2999e8d31e00d,rec_0ff2999e8d31e00d,Injected BEHAVIORAL_SPIKE observation (SOURCE_MARK_S) for student STU_140242 on 2025-09-02.,MEDIUM,42,TRUE
inj_069,evt_069,BEHAVIORAL_SPIKE,STU_140242,2025-09-03,rec_3c6f333aa3fac3d7,rec_3c6f333aa3fac3d7,Injected BEHAVIORAL_SPIKE observation (SOURCE_MARK_S) for student STU_140242 on 2025-09-03.,MEDIUM,42,TRUE
inj_069,evt_069,BEHAVIORAL_SPIKE,STU_140242,2025-09-04,rec_e0c3a2962407f04d,rec_e0c3a2962407f04d,Injected BEHAVIORAL_SPIKE observation (SOURCE_MARK_S) for student STU_140242 on 2025-09-04.,MEDIUM,42,TRUE
inj_069,evt_069,BEHAVIORAL_SPIKE,STU_140242,2025-09-08,rec_ad224764b1a591c0,rec_ad224764b1a591c0,Injected BEHAVIORAL_SPIKE observation (SOURCE_MARK_S) for student STU_140242 on 2025-09-08.,MEDIUM,42,TRUE
inj_070,evt_070,BEHAVIORAL_SPIKE,STU_245751,2025-08-11,rec_2f8692a14d4e0bf4,rec_2f8692a14d4e0bf4,Injected BEHAVIORAL_SPIKE observation (SOURCE_MARK_S) for student STU_245751 on 2025-08-11.,MEDIUM,42,TRUE
inj_070,evt_070,BEHAVIORAL_SPIKE,STU_245751,2025-08-12,rec_294093d1fdeb1ef9,rec_294093d1fdeb1ef9,Injected BEHAVIORAL_SPIKE observation (SOURCE_MARK_S) for student STU_245751 on 2025-08-12.,MEDIUM,42,TRUE
inj_070,evt_070,BEHAVIORAL_SPIKE,STU_245751,2025-08-13,rec_a82463e4f0f555de,rec_a82463e4f0f555de,Injected BEHAVIORAL_SPIKE observation (SOURCE_MARK_S) for student STU_245751 on 2025-08-13.,MEDIUM,42,TRUE
inj_070,evt_070,BEHAVIORAL_SPIKE,STU_245751,2025-08-19,rec_7b589b3c902bc178,rec_7b589b3c902bc178,Injected BEHAVIORAL_SPIKE observation (SOURCE_MARK_S) for student STU_245751 on 2025-08-19.,MEDIUM,42,TRUE
inj_071,evt_071,EXCEPTION_STREAK,STU_198676,2025-08-11,rec_55f5fd132af4537d,rec_55f5fd132af4537d,Injected EXCEPTION_STREAK observation (SOURCE_MARK_S) for student STU_198676 on 2025-08-11.,HIGH,42,TRUE
inj_071,evt_071,EXCEPTION_STREAK,STU_198676,2025-08-12,rec_97af68063a87d0d9,rec_97af68063a87d0d9,Injected EXCEPTION_STREAK observation (SOURCE_MARK_S) for student STU_198676 on 2025-08-12.,HIGH,42,TRUE
inj_071,evt_071,EXCEPTION_STREAK,STU_198676,2025-08-13,rec_da4d88c8fd4668e3,rec_da4d88c8fd4668e3,Injected EXCEPTION_STREAK observation (SOURCE_MARK_S) for student STU_198676 on 2025-08-13.,HIGH,42,TRUE
inj_071,evt_071,EXCEPTION_STREAK,STU_198676,2025-08-19,rec_cc08c5b3c643f66d,rec_cc08c5b3c643f66d,Injected EXCEPTION_STREAK observation (SOURCE_MARK_S) for student STU_198676 on 2025-08-19.,HIGH,42,TRUE
inj_071,evt_071,EXCEPTION_STREAK,STU_198676,2025-08-20,rec_6008dc86afadfa32,rec_6008dc86afadfa32,Injected EXCEPTION_STREAK observation (SOURCE_MARK_S) for student STU_198676 on 2025-08-20.,HIGH,42,TRUE
inj_071,evt_071,EXCEPTION_STREAK,STU_198676,2025-08-21,rec_07e951baafa86775,rec_07e951baafa86775,Injected EXCEPTION_STREAK observation (SOURCE_MARK_S) for student STU_198676 on 2025-08-21.,HIGH,42,TRUE
inj_072,evt_072,EXCEPTION_STREAK,STU_215641,2025-10-14,rec_bcb8bb1a2a7e524e,rec_bcb8bb1a2a7e524e,Injected EXCEPTION_STREAK observation (SOURCE_MARK_S) for student STU_215641 on 2025-10-14.,HIGH,42,TRUE
inj_072,evt_072,EXCEPTION_STREAK,STU_215641,2025-10-15,rec_8570ec493154c31d,rec_8570ec493154c31d,Injected EXCEPTION_STREAK observation (SOURCE_MARK_S) for student STU_215641 on 2025-10-15.,HIGH,42,TRUE
inj_072,evt_072,EXCEPTION_STREAK,STU_215641,2025-10-20,rec_ae63235aef0608cf,rec_ae63235aef0608cf,Injected EXCEPTION_STREAK observation (SOURCE_MARK_S) for student STU_215641 on 2025-10-20.,HIGH,42,TRUE
inj_072,evt_072,EXCEPTION_STREAK,STU_215641,2025-10-21,rec_0f6a8255866d3dd2,rec_0f6a8255866d3dd2,Injected EXCEPTION_STREAK observation (SOURCE_MARK_S) for student STU_215641 on 2025-10-21.,HIGH,42,TRUE
inj_072,evt_072,EXCEPTION_STREAK,STU_215641,2025-10-22,rec_8e4a205fcf14b788,rec_8e4a205fcf14b788,Injected EXCEPTION_STREAK observation (SOURCE_MARK_S) for student STU_215641 on 2025-10-22.,HIGH,42,TRUE
inj_072,evt_072,EXCEPTION_STREAK,STU_215641,2025-10-23,rec_070dda68f8d329c1,rec_070dda68f8d329c1,Injected EXCEPTION_STREAK observation (SOURCE_MARK_S) for student STU_215641 on 2025-10-23.,HIGH,42,TRUE
inj_073,evt_073,EXCEPTION_STREAK,STU_219814,2025-10-01,rec_c2e4b45233a866f0,rec_c2e4b45233a866f0,Injected EXCEPTION_STREAK observation (SOURCE_MARK_S) for student STU_219814 on 2025-10-01.,HIGH,42,TRUE
inj_073,evt_073,EXCEPTION_STREAK,STU_219814,2025-10-02,rec_2e89b25b6200912e,rec_2e89b25b6200912e,Injected EXCEPTION_STREAK observation (SOURCE_MARK_S) for student STU_219814 on 2025-10-02.,HIGH,42,TRUE
inj_073,evt_073,EXCEPTION_STREAK,STU_219814,2025-10-03,rec_f73bf6efb2afee02,rec_f73bf6efb2afee02,Injected EXCEPTION_STREAK observation (SOURCE_MARK_S) for student STU_219814 on 2025-10-03.,HIGH,42,TRUE
inj_073,evt_073,EXCEPTION_STREAK,STU_219814,2025-10-06,rec_b42d13d60be632e1,rec_b42d13d60be632e1,Injected EXCEPTION_STREAK observation (SOURCE_MARK_S) for student STU_219814 on 2025-10-06.,HIGH,42,TRUE
inj_073,evt_073,EXCEPTION_STREAK,STU_219814,2025-10-07,rec_565c908d58ea3362,rec_565c908d58ea3362,Injected EXCEPTION_STREAK observation (SOURCE_MARK_S) for student STU_219814 on 2025-10-07.,HIGH,42,TRUE
inj_073,evt_073,EXCEPTION_STREAK,STU_219814,2025-10-08,rec_9af8b359283c2cbc,rec_9af8b359283c2cbc,Injected EXCEPTION_STREAK observation (SOURCE_MARK_S) for student STU_219814 on 2025-10-08.,HIGH,42,TRUE
inj_074,evt_074,EXCEPTION_STREAK,STU_147311,2025-11-05,rec_1fb1bc9f029b3583,rec_1fb1bc9f029b3583,Injected EXCEPTION_STREAK observation (SOURCE_MARK_S) for student STU_147311 on 2025-11-05.,HIGH,42,TRUE
inj_074,evt_074,EXCEPTION_STREAK,STU_147311,2025-11-06,rec_623eac4a5dd054f8,rec_623eac4a5dd054f8,Injected EXCEPTION_STREAK observation (SOURCE_MARK_S) for student STU_147311 on 2025-11-06.,HIGH,42,TRUE
inj_074,evt_074,EXCEPTION_STREAK,STU_147311,2025-11-07,rec_9b29fd7e6555751c,rec_9b29fd7e6555751c,Injected EXCEPTION_STREAK observation (SOURCE_MARK_S) for student STU_147311 on 2025-11-07.,HIGH,42,TRUE
inj_074,evt_074,EXCEPTION_STREAK,STU_147311,2025-11-11,rec_854c8e1acb5fe721,rec_854c8e1acb5fe721,Injected EXCEPTION_STREAK observation (SOURCE_MARK_S) for student STU_147311 on 2025-11-11.,HIGH,42,TRUE
inj_074,evt_074,EXCEPTION_STREAK,STU_147311,2025-11-12,rec_ea4e415dde4a5261,rec_ea4e415dde4a5261,Injected EXCEPTION_STREAK observation (SOURCE_MARK_S) for student STU_147311 on 2025-11-12.,HIGH,42,TRUE
inj_074,evt_074,EXCEPTION_STREAK,STU_147311,2025-11-13,rec_fe2610d9b9b53e45,rec_fe2610d9b9b53e45,Injected EXCEPTION_STREAK observation (SOURCE_MARK_S) for student STU_147311 on 2025-11-13.,HIGH,42,TRUE
inj_075,evt_075,EXCEPTION_STREAK,STU_318165,2025-08-05,rec_c41ca62f073ca4dc,rec_c41ca62f073ca4dc,Injected EXCEPTION_STREAK observation (SOURCE_MARK_S) for student STU_318165 on 2025-08-05.,HIGH,42,TRUE
inj_075,evt_075,EXCEPTION_STREAK,STU_318165,2025-08-07,rec_8fe3bc118c5a0160,rec_8fe3bc118c5a0160,Injected EXCEPTION_STREAK observation (SOURCE_MARK_S) for student STU_318165 on 2025-08-07.,HIGH,42,TRUE
inj_075,evt_075,EXCEPTION_STREAK,STU_318165,2025-08-08,rec_dbcecbf345cc8e80,rec_dbcecbf345cc8e80,Injected EXCEPTION_STREAK observation (SOURCE_MARK_S) for student STU_318165 on 2025-08-08.,HIGH,42,TRUE
inj_075,evt_075,EXCEPTION_STREAK,STU_318165,2025-08-11,rec_46dbd7ea49c78154,rec_46dbd7ea49c78154,Injected EXCEPTION_STREAK observation (SOURCE_MARK_S) for student STU_318165 on 2025-08-11.,HIGH,42,TRUE
inj_075,evt_075,EXCEPTION_STREAK,STU_318165,2025-08-12,rec_3d5222ae0a006aa9,rec_3d5222ae0a006aa9,Injected EXCEPTION_STREAK observation (SOURCE_MARK_S) for student STU_318165 on 2025-08-12.,HIGH,42,TRUE
inj_075,evt_075,EXCEPTION_STREAK,STU_318165,2025-08-13,rec_23d7a24202af12d3,rec_23d7a24202af12d3,Injected EXCEPTION_STREAK observation (SOURCE_MARK_S) for student STU_318165 on 2025-08-13.,HIGH,42,TRUE
inj_076,evt_076,EXCEPTION_STREAK,STU_386287,2025-08-13,rec_b6c8baf188ea7ec5,rec_b6c8baf188ea7ec5,Injected EXCEPTION_STREAK observation (SOURCE_MARK_S) for student STU_386287 on 2025-08-13.,HIGH,42,TRUE
inj_076,evt_076,EXCEPTION_STREAK,STU_386287,2025-08-19,rec_ec3c468342c8952f,rec_ec3c468342c8952f,Injected EXCEPTION_STREAK observation (SOURCE_MARK_S) for student STU_386287 on 2025-08-19.,HIGH,42,TRUE
inj_076,evt_076,EXCEPTION_STREAK,STU_386287,2025-08-20,rec_f72d5be295649eca,rec_f72d5be295649eca,Injected EXCEPTION_STREAK observation (SOURCE_MARK_S) for student STU_386287 on 2025-08-20.,HIGH,42,TRUE
inj_076,evt_076,EXCEPTION_STREAK,STU_386287,2025-08-21,rec_47f8a3a8663f3bb3,rec_47f8a3a8663f3bb3,Injected EXCEPTION_STREAK observation (SOURCE_MARK_S) for student STU_386287 on 2025-08-21.,HIGH,42,TRUE
inj_076,evt_076,EXCEPTION_STREAK,STU_386287,2025-08-25,rec_d0120d515eb0d857,rec_d0120d515eb0d857,Injected EXCEPTION_STREAK observation (SOURCE_MARK_S) for student STU_386287 on 2025-08-25.,HIGH,42,TRUE
inj_076,evt_076,EXCEPTION_STREAK,STU_386287,2025-08-26,rec_061228b90ae59869,rec_061228b90ae59869,Injected EXCEPTION_STREAK observation (SOURCE_MARK_S) for student STU_386287 on 2025-08-26.,HIGH,42,TRUE
inj_077,evt_077,EXCEPTION_STREAK,STU_349749,2025-10-28,rec_84c147c30fcb5c7c,rec_84c147c30fcb5c7c,Injected EXCEPTION_STREAK observation (SOURCE_MARK_S) for student STU_349749 on 2025-10-28.,HIGH,42,TRUE
inj_077,evt_077,EXCEPTION_STREAK,STU_349749,2025-10-30,rec_990923e68719f687,rec_990923e68719f687,Injected EXCEPTION_STREAK observation (SOURCE_MARK_S) for student STU_349749 on 2025-10-30.,HIGH,42,TRUE
inj_077,evt_077,EXCEPTION_STREAK,STU_349749,2025-10-31,rec_eb8994660773f394,rec_eb8994660773f394,Injected EXCEPTION_STREAK observation (SOURCE_MARK_S) for student STU_349749 on 2025-10-31.,HIGH,42,TRUE
inj_077,evt_077,EXCEPTION_STREAK,STU_349749,2025-11-03,rec_d94bb219a49762e6,rec_d94bb219a49762e6,Injected EXCEPTION_STREAK observation (SOURCE_MARK_S) for student STU_349749 on 2025-11-03.,HIGH,42,TRUE
inj_077,evt_077,EXCEPTION_STREAK,STU_349749,2025-11-04,rec_de76846e6abef663,rec_de76846e6abef663,Injected EXCEPTION_STREAK observation (SOURCE_MARK_S) for student STU_349749 on 2025-11-04.,HIGH,42,TRUE
inj_077,evt_077,EXCEPTION_STREAK,STU_349749,2025-11-05,rec_923defe057d60a89,rec_923defe057d60a89,Injected EXCEPTION_STREAK observation (SOURCE_MARK_S) for student STU_349749 on 2025-11-05.,HIGH,42,TRUE
inj_078,evt_078,EXCEPTION_STREAK,STU_383686,2025-11-05,rec_8826e4a331d9a77b,rec_8826e4a331d9a77b,Injected EXCEPTION_STREAK observation (SOURCE_MARK_S) for student STU_383686 on 2025-11-05.,HIGH,42,TRUE
inj_078,evt_078,EXCEPTION_STREAK,STU_383686,2025-11-06,rec_52fd00d7cffbfe2a,rec_52fd00d7cffbfe2a,Injected EXCEPTION_STREAK observation (SOURCE_MARK_S) for student STU_383686 on 2025-11-06.,HIGH,42,TRUE
inj_078,evt_078,EXCEPTION_STREAK,STU_383686,2025-11-07,rec_0b7fd8373050f399,rec_0b7fd8373050f399,Injected EXCEPTION_STREAK observation (SOURCE_MARK_S) for student STU_383686 on 2025-11-07.,HIGH,42,TRUE
inj_078,evt_078,EXCEPTION_STREAK,STU_383686,2025-11-11,rec_99b1add55ba93f4d,rec_99b1add55ba93f4d,Injected EXCEPTION_STREAK observation (SOURCE_MARK_S) for student STU_383686 on 2025-11-11.,HIGH,42,TRUE
inj_078,evt_078,EXCEPTION_STREAK,STU_383686,2025-11-12,rec_c060fb61f1025e33,rec_c060fb61f1025e33,Injected EXCEPTION_STREAK observation (SOURCE_MARK_S) for student STU_383686 on 2025-11-12.,HIGH,42,TRUE
inj_078,evt_078,EXCEPTION_STREAK,STU_383686,2025-11-13,rec_752d79e4c8606124,rec_752d79e4c8606124,Injected EXCEPTION_STREAK observation (SOURCE_MARK_S) for student STU_383686 on 2025-11-13.,HIGH,42,TRUE
inj_079,evt_079,EXCEPTION_STREAK,STU_369842,2025-09-02,rec_e8a81fb4597d9b9d,rec_e8a81fb4597d9b9d,Injected EXCEPTION_STREAK observation (SOURCE_MARK_S) for student STU_369842 on 2025-09-02.,HIGH,42,TRUE
inj_079,evt_079,EXCEPTION_STREAK,STU_369842,2025-09-03,rec_4b642464815eddf6,rec_4b642464815eddf6,Injected EXCEPTION_STREAK observation (SOURCE_MARK_S) for student STU_369842 on 2025-09-03.,HIGH,42,TRUE
inj_079,evt_079,EXCEPTION_STREAK,STU_369842,2025-09-04,rec_8d74c2d0defedebc,rec_8d74c2d0defedebc,Injected EXCEPTION_STREAK observation (SOURCE_MARK_S) for student STU_369842 on 2025-09-04.,HIGH,42,TRUE
inj_079,evt_079,EXCEPTION_STREAK,STU_369842,2025-09-08,rec_cffcd4181dbc5951,rec_cffcd4181dbc5951,Injected EXCEPTION_STREAK observation (SOURCE_MARK_S) for student STU_369842 on 2025-09-08.,HIGH,42,TRUE
inj_079,evt_079,EXCEPTION_STREAK,STU_369842,2025-09-09,rec_e63fb1a588fad3f3,rec_e63fb1a588fad3f3,Injected EXCEPTION_STREAK observation (SOURCE_MARK_S) for student STU_369842 on 2025-09-09.,HIGH,42,TRUE
inj_079,evt_079,EXCEPTION_STREAK,STU_369842,2025-09-10,rec_83244ec280b7e9c6,rec_83244ec280b7e9c6,Injected EXCEPTION_STREAK observation (SOURCE_MARK_S) for student STU_369842 on 2025-09-10.,HIGH,42,TRUE
inj_080,evt_080,EXCEPTION_STREAK,STU_168620,2025-08-27,rec_46b91421ce76eda4,rec_46b91421ce76eda4,Injected EXCEPTION_STREAK observation (SOURCE_MARK_S) for student STU_168620 on 2025-08-27.,HIGH,42,TRUE
inj_080,evt_080,EXCEPTION_STREAK,STU_168620,2025-08-28,rec_56ae0e99ec7d52a5,rec_56ae0e99ec7d52a5,Injected EXCEPTION_STREAK observation (SOURCE_MARK_S) for student STU_168620 on 2025-08-28.,HIGH,42,TRUE
inj_080,evt_080,EXCEPTION_STREAK,STU_168620,2025-08-29,rec_d3fee4ae5195a100,rec_d3fee4ae5195a100,Injected EXCEPTION_STREAK observation (SOURCE_MARK_S) for student STU_168620 on 2025-08-29.,HIGH,42,TRUE
inj_080,evt_080,EXCEPTION_STREAK,STU_168620,2025-09-01,rec_08ba02409732d417,rec_08ba02409732d417,Injected EXCEPTION_STREAK observation (SOURCE_MARK_S) for student STU_168620 on 2025-09-01.,HIGH,42,TRUE
inj_080,evt_080,EXCEPTION_STREAK,STU_168620,2025-09-02,rec_36b098822d4286dc,rec_36b098822d4286dc,Injected EXCEPTION_STREAK observation (SOURCE_MARK_S) for student STU_168620 on 2025-09-02.,HIGH,42,TRUE
inj_080,evt_080,EXCEPTION_STREAK,STU_168620,2025-09-03,rec_f795e02366493a79,rec_f795e02366493a79,Injected EXCEPTION_STREAK observation (SOURCE_MARK_S) for student STU_168620 on 2025-09-03.,HIGH,42,TRUE
inj_081,evt_081,PERSONAL_DEVIATION,STU_219814,2025-10-27,rec_884acc55e7a8818f,rec_884acc55e7a8818f,Injected PERSONAL_DEVIATION observation (SOURCE_MARK_I) for student STU_219814 on 2025-10-27.,MEDIUM,42,TRUE
inj_081,evt_081,PERSONAL_DEVIATION,STU_219814,2025-10-28,rec_e2fe5a4782689f44,rec_e2fe5a4782689f44,Injected PERSONAL_DEVIATION observation (SOURCE_MARK_I) for student STU_219814 on 2025-10-28.,MEDIUM,42,TRUE
inj_081,evt_081,PERSONAL_DEVIATION,STU_219814,2025-10-30,rec_b4cb0306d293fa99,rec_b4cb0306d293fa99,Injected PERSONAL_DEVIATION observation (SOURCE_MARK_I) for student STU_219814 on 2025-10-30.,MEDIUM,42,TRUE
inj_081,evt_081,PERSONAL_DEVIATION,STU_219814,2025-10-31,rec_a1419945356bd51e,rec_a1419945356bd51e,Injected PERSONAL_DEVIATION observation (SOURCE_MARK_I) for student STU_219814 on 2025-10-31.,MEDIUM,42,TRUE
inj_081,evt_081,PERSONAL_DEVIATION,STU_219814,2025-11-03,rec_3f616d70f5f5131e,rec_3f616d70f5f5131e,Injected PERSONAL_DEVIATION observation (SOURCE_MARK_I) for student STU_219814 on 2025-11-03.,MEDIUM,42,TRUE
inj_082,evt_082,PERSONAL_DEVIATION,STU_305374,2025-11-03,rec_516ba31a45f6ce57,rec_516ba31a45f6ce57,Injected PERSONAL_DEVIATION observation (SOURCE_MARK_I) for student STU_305374 on 2025-11-03.,MEDIUM,42,TRUE
inj_082,evt_082,PERSONAL_DEVIATION,STU_305374,2025-11-04,rec_65102f9692fa90d2,rec_65102f9692fa90d2,Injected PERSONAL_DEVIATION observation (SOURCE_MARK_I) for student STU_305374 on 2025-11-04.,MEDIUM,42,TRUE
inj_082,evt_082,PERSONAL_DEVIATION,STU_305374,2025-11-05,rec_261d431ec303004b,rec_261d431ec303004b,Injected PERSONAL_DEVIATION observation (SOURCE_MARK_I) for student STU_305374 on 2025-11-05.,MEDIUM,42,TRUE
inj_082,evt_082,PERSONAL_DEVIATION,STU_305374,2025-11-06,rec_c60aff930f167fa4,rec_c60aff930f167fa4,Injected PERSONAL_DEVIATION observation (SOURCE_MARK_I) for student STU_305374 on 2025-11-06.,MEDIUM,42,TRUE
inj_082,evt_082,PERSONAL_DEVIATION,STU_305374,2025-11-07,rec_c5330fe20c854141,rec_c5330fe20c854141,Injected PERSONAL_DEVIATION observation (SOURCE_MARK_I) for student STU_305374 on 2025-11-07.,MEDIUM,42,TRUE
inj_083,evt_083,PERSONAL_DEVIATION,STU_131458,2025-10-02,rec_9e8e5427283577e2,rec_9e8e5427283577e2,Injected PERSONAL_DEVIATION observation (SOURCE_MARK_I) for student STU_131458 on 2025-10-02.,MEDIUM,42,TRUE
inj_083,evt_083,PERSONAL_DEVIATION,STU_131458,2025-10-03,rec_3edacb0289508611,rec_3edacb0289508611,Injected PERSONAL_DEVIATION observation (SOURCE_MARK_I) for student STU_131458 on 2025-10-03.,MEDIUM,42,TRUE
inj_083,evt_083,PERSONAL_DEVIATION,STU_131458,2025-10-06,rec_b27236e38146f6da,rec_b27236e38146f6da,Injected PERSONAL_DEVIATION observation (SOURCE_MARK_I) for student STU_131458 on 2025-10-06.,MEDIUM,42,TRUE
inj_083,evt_083,PERSONAL_DEVIATION,STU_131458,2025-10-07,rec_14d9cd095077bc89,rec_14d9cd095077bc89,Injected PERSONAL_DEVIATION observation (SOURCE_MARK_I) for student STU_131458 on 2025-10-07.,MEDIUM,42,TRUE
inj_083,evt_083,PERSONAL_DEVIATION,STU_131458,2025-10-08,rec_22fde6b92c484331,rec_22fde6b92c484331,Injected PERSONAL_DEVIATION observation (SOURCE_MARK_I) for student STU_131458 on 2025-10-08.,MEDIUM,42,TRUE
inj_084,evt_084,PERSONAL_DEVIATION,STU_272196,2025-09-09,rec_7f8ec299e0a2309d,rec_7f8ec299e0a2309d,Injected PERSONAL_DEVIATION observation (SOURCE_MARK_I) for student STU_272196 on 2025-09-09.,MEDIUM,42,TRUE
inj_084,evt_084,PERSONAL_DEVIATION,STU_272196,2025-09-10,rec_123567d37004287c,rec_123567d37004287c,Injected PERSONAL_DEVIATION observation (SOURCE_MARK_I) for student STU_272196 on 2025-09-10.,MEDIUM,42,TRUE
inj_084,evt_084,PERSONAL_DEVIATION,STU_272196,2025-09-11,rec_c535cb8185a00bce,rec_c535cb8185a00bce,Injected PERSONAL_DEVIATION observation (SOURCE_MARK_I) for student STU_272196 on 2025-09-11.,MEDIUM,42,TRUE
inj_084,evt_084,PERSONAL_DEVIATION,STU_272196,2025-09-12,rec_90359edc4044c5c0,rec_90359edc4044c5c0,Injected PERSONAL_DEVIATION observation (SOURCE_MARK_I) for student STU_272196 on 2025-09-12.,MEDIUM,42,TRUE
inj_084,evt_084,PERSONAL_DEVIATION,STU_272196,2025-09-15,rec_20d4095840b92c09,rec_20d4095840b92c09,Injected PERSONAL_DEVIATION observation (SOURCE_MARK_I) for student STU_272196 on 2025-09-15.,MEDIUM,42,TRUE
inj_085,evt_085,PERSONAL_DEVIATION,STU_370517,2025-10-15,rec_eaf7c5214bf78d95,rec_eaf7c5214bf78d95,Injected PERSONAL_DEVIATION observation (SOURCE_MARK_I) for student STU_370517 on 2025-10-15.,MEDIUM,42,TRUE
inj_085,evt_085,PERSONAL_DEVIATION,STU_370517,2025-10-20,rec_1a23c4ed8dc82fa8,rec_1a23c4ed8dc82fa8,Injected PERSONAL_DEVIATION observation (SOURCE_MARK_I) for student STU_370517 on 2025-10-20.,MEDIUM,42,TRUE
inj_085,evt_085,PERSONAL_DEVIATION,STU_370517,2025-10-21,rec_0deeb5a5aaadaf85,rec_0deeb5a5aaadaf85,Injected PERSONAL_DEVIATION observation (SOURCE_MARK_I) for student STU_370517 on 2025-10-21.,MEDIUM,42,TRUE
inj_085,evt_085,PERSONAL_DEVIATION,STU_370517,2025-10-22,rec_c967b2e620d1cfae,rec_c967b2e620d1cfae,Injected PERSONAL_DEVIATION observation (SOURCE_MARK_I) for student STU_370517 on 2025-10-22.,MEDIUM,42,TRUE
inj_085,evt_085,PERSONAL_DEVIATION,STU_370517,2025-10-23,rec_de99560daf3d9c7d,rec_de99560daf3d9c7d,Injected PERSONAL_DEVIATION observation (SOURCE_MARK_I) for student STU_370517 on 2025-10-23.,MEDIUM,42,TRUE
inj_086,evt_086,PERSONAL_DEVIATION,STU_306367,2025-08-19,rec_0137931b36f1e949,rec_0137931b36f1e949,Injected PERSONAL_DEVIATION observation (SOURCE_MARK_I) for student STU_306367 on 2025-08-19.,MEDIUM,42,TRUE
inj_086,evt_086,PERSONAL_DEVIATION,STU_306367,2025-08-20,rec_fe27d74958ff5163,rec_fe27d74958ff5163,Injected PERSONAL_DEVIATION observation (SOURCE_MARK_I) for student STU_306367 on 2025-08-20.,MEDIUM,42,TRUE
inj_086,evt_086,PERSONAL_DEVIATION,STU_306367,2025-08-21,rec_b93454bc8966c1b0,rec_b93454bc8966c1b0,Injected PERSONAL_DEVIATION observation (SOURCE_MARK_I) for student STU_306367 on 2025-08-21.,MEDIUM,42,TRUE
inj_086,evt_086,PERSONAL_DEVIATION,STU_306367,2025-08-25,rec_794681a50e60d84d,rec_794681a50e60d84d,Injected PERSONAL_DEVIATION observation (SOURCE_MARK_I) for student STU_306367 on 2025-08-25.,MEDIUM,42,TRUE
inj_086,evt_086,PERSONAL_DEVIATION,STU_306367,2025-08-26,rec_36686a1906358257,rec_36686a1906358257,Injected PERSONAL_DEVIATION observation (SOURCE_MARK_I) for student STU_306367 on 2025-08-26.,MEDIUM,42,TRUE
inj_087,evt_087,PERSONAL_DEVIATION,STU_954013,2025-08-21,rec_2b6449cc97c56927,rec_2b6449cc97c56927,Injected PERSONAL_DEVIATION observation (SOURCE_MARK_I) for student STU_954013 on 2025-08-21.,MEDIUM,42,TRUE
inj_087,evt_087,PERSONAL_DEVIATION,STU_954013,2025-08-25,rec_76ffbf91bdcf5943,rec_76ffbf91bdcf5943,Injected PERSONAL_DEVIATION observation (SOURCE_MARK_I) for student STU_954013 on 2025-08-25.,MEDIUM,42,TRUE
inj_087,evt_087,PERSONAL_DEVIATION,STU_954013,2025-08-26,rec_112546650d3709a6,rec_112546650d3709a6,Injected PERSONAL_DEVIATION observation (SOURCE_MARK_I) for student STU_954013 on 2025-08-26.,MEDIUM,42,TRUE
inj_087,evt_087,PERSONAL_DEVIATION,STU_954013,2025-08-27,rec_944d29b52f68517b,rec_944d29b52f68517b,Injected PERSONAL_DEVIATION observation (SOURCE_MARK_I) for student STU_954013 on 2025-08-27.,MEDIUM,42,TRUE
inj_087,evt_087,PERSONAL_DEVIATION,STU_954013,2025-08-28,rec_1d97353e5714d1ad,rec_1d97353e5714d1ad,Injected PERSONAL_DEVIATION observation (SOURCE_MARK_I) for student STU_954013 on 2025-08-28.,MEDIUM,42,TRUE
inj_088,evt_088,PERSONAL_DEVIATION,STU_154456,2025-09-10,rec_0b100407d61b0c8a,rec_0b100407d61b0c8a,Injected PERSONAL_DEVIATION observation (SOURCE_MARK_I) for student STU_154456 on 2025-09-10.,MEDIUM,42,TRUE
inj_088,evt_088,PERSONAL_DEVIATION,STU_154456,2025-09-11,rec_1518917cd3bc31db,rec_1518917cd3bc31db,Injected PERSONAL_DEVIATION observation (SOURCE_MARK_I) for student STU_154456 on 2025-09-11.,MEDIUM,42,TRUE
inj_088,evt_088,PERSONAL_DEVIATION,STU_154456,2025-09-12,rec_40525b3198a46dce,rec_40525b3198a46dce,Injected PERSONAL_DEVIATION observation (SOURCE_MARK_I) for student STU_154456 on 2025-09-12.,MEDIUM,42,TRUE
inj_088,evt_088,PERSONAL_DEVIATION,STU_154456,2025-09-15,rec_e3b65566fa67b182,rec_e3b65566fa67b182,Injected PERSONAL_DEVIATION observation (SOURCE_MARK_I) for student STU_154456 on 2025-09-15.,MEDIUM,42,TRUE
inj_088,evt_088,PERSONAL_DEVIATION,STU_154456,2025-09-16,rec_7d17c035a7ea308c,rec_7d17c035a7ea308c,Injected PERSONAL_DEVIATION observation (SOURCE_MARK_I) for student STU_154456 on 2025-09-16.,MEDIUM,42,TRUE
inj_089,evt_089,PERSONAL_DEVIATION,STU_147311,2025-08-20,rec_e97217eb5e7887e0,rec_e97217eb5e7887e0,Injected PERSONAL_DEVIATION observation (SOURCE_MARK_I) for student STU_147311 on 2025-08-20.,MEDIUM,42,TRUE
inj_089,evt_089,PERSONAL_DEVIATION,STU_147311,2025-08-21,rec_40a2b4b54bf1f915,rec_40a2b4b54bf1f915,Injected PERSONAL_DEVIATION observation (SOURCE_MARK_I) for student STU_147311 on 2025-08-21.,MEDIUM,42,TRUE
inj_089,evt_089,PERSONAL_DEVIATION,STU_147311,2025-08-25,rec_f24744bd149f6fbf,rec_f24744bd149f6fbf,Injected PERSONAL_DEVIATION observation (SOURCE_MARK_I) for student STU_147311 on 2025-08-25.,MEDIUM,42,TRUE
inj_089,evt_089,PERSONAL_DEVIATION,STU_147311,2025-08-26,rec_2c573791502542c2,rec_2c573791502542c2,Injected PERSONAL_DEVIATION observation (SOURCE_MARK_I) for student STU_147311 on 2025-08-26.,MEDIUM,42,TRUE
inj_089,evt_089,PERSONAL_DEVIATION,STU_147311,2025-08-27,rec_8e09a75b4bed6770,rec_8e09a75b4bed6770,Injected PERSONAL_DEVIATION observation (SOURCE_MARK_I) for student STU_147311 on 2025-08-27.,MEDIUM,42,TRUE
inj_090,evt_090,PERSONAL_DEVIATION,STU_297409,2025-11-07,rec_21e1f0de762974f3,rec_21e1f0de762974f3,Injected PERSONAL_DEVIATION observation (SOURCE_MARK_I) for student STU_297409 on 2025-11-07.,MEDIUM,42,TRUE
inj_090,evt_090,PERSONAL_DEVIATION,STU_297409,2025-11-11,rec_e39be186ce41bff5,rec_e39be186ce41bff5,Injected PERSONAL_DEVIATION observation (SOURCE_MARK_I) for student STU_297409 on 2025-11-11.,MEDIUM,42,TRUE
inj_090,evt_090,PERSONAL_DEVIATION,STU_297409,2025-11-12,rec_f36b5a4166139585,rec_f36b5a4166139585,Injected PERSONAL_DEVIATION observation (SOURCE_MARK_I) for student STU_297409 on 2025-11-12.,MEDIUM,42,TRUE
inj_090,evt_090,PERSONAL_DEVIATION,STU_297409,2025-11-13,rec_8f589bd4bdcd1c57,rec_8f589bd4bdcd1c57,Injected PERSONAL_DEVIATION observation (SOURCE_MARK_I) for student STU_297409 on 2025-11-13.,MEDIUM,42,TRUE
inj_090,evt_090,PERSONAL_DEVIATION,STU_297409,2025-11-14,rec_d4ff59b8ff09b232,rec_d4ff59b8ff09b232,Injected PERSONAL_DEVIATION observation (SOURCE_MARK_I) for student STU_297409 on 2025-11-14.,MEDIUM,42,TRUE
inj_091,evt_091,CLASS_DEVIATION,STU_159160,2025-10-30,rec_845d3bd95aaf12ba,rec_845d3bd95aaf12ba,Injected CLASS_DEVIATION observation (SOURCE_MARK_A) for student STU_159160 on 2025-10-30.,MEDIUM,42,TRUE
inj_091,evt_091,CLASS_DEVIATION,STU_159160,2025-10-31,rec_d7eee9528493c1da,rec_d7eee9528493c1da,Injected CLASS_DEVIATION observation (SOURCE_MARK_A) for student STU_159160 on 2025-10-31.,MEDIUM,42,TRUE
inj_091,evt_091,CLASS_DEVIATION,STU_159160,2025-11-03,rec_56865575816e313c,rec_56865575816e313c,Injected CLASS_DEVIATION observation (SOURCE_MARK_A) for student STU_159160 on 2025-11-03.,MEDIUM,42,TRUE
inj_091,evt_091,CLASS_DEVIATION,STU_159160,2025-11-04,rec_996290d989f1700d,rec_996290d989f1700d,Injected CLASS_DEVIATION observation (SOURCE_MARK_A) for student STU_159160 on 2025-11-04.,MEDIUM,42,TRUE
inj_092,evt_092,CLASS_DEVIATION,STU_318165,2025-09-19,rec_96e0f429e87162ac,rec_96e0f429e87162ac,Injected CLASS_DEVIATION observation (SOURCE_MARK_A) for student STU_318165 on 2025-09-19.,MEDIUM,42,TRUE
inj_092,evt_092,CLASS_DEVIATION,STU_318165,2025-09-22,rec_1c2604233ee6e83e,rec_1c2604233ee6e83e,Injected CLASS_DEVIATION observation (SOURCE_MARK_A) for student STU_318165 on 2025-09-22.,MEDIUM,42,TRUE
inj_092,evt_092,CLASS_DEVIATION,STU_318165,2025-09-23,rec_c6f1dd4cc19520ee,rec_c6f1dd4cc19520ee,Injected CLASS_DEVIATION observation (SOURCE_MARK_A) for student STU_318165 on 2025-09-23.,MEDIUM,42,TRUE
inj_092,evt_092,CLASS_DEVIATION,STU_318165,2025-09-24,rec_5332bfb487efbc8d,rec_5332bfb487efbc8d,Injected CLASS_DEVIATION observation (SOURCE_MARK_A) for student STU_318165 on 2025-09-24.,MEDIUM,42,TRUE
inj_093,evt_093,CLASS_DEVIATION,STU_115306,2025-09-12,rec_d6b07eaa89e53cf6,rec_d6b07eaa89e53cf6,Injected CLASS_DEVIATION observation (SOURCE_MARK_A) for student STU_115306 on 2025-09-12.,MEDIUM,42,TRUE
inj_093,evt_093,CLASS_DEVIATION,STU_115306,2025-09-15,rec_f8d6022c7fc7dc2b,rec_f8d6022c7fc7dc2b,Injected CLASS_DEVIATION observation (SOURCE_MARK_A) for student STU_115306 on 2025-09-15.,MEDIUM,42,TRUE
inj_093,evt_093,CLASS_DEVIATION,STU_115306,2025-09-16,rec_844d48d1cc746293,rec_844d48d1cc746293,Injected CLASS_DEVIATION observation (SOURCE_MARK_A) for student STU_115306 on 2025-09-16.,MEDIUM,42,TRUE
inj_093,evt_093,CLASS_DEVIATION,STU_115306,2025-09-17,rec_794b37795a0246cc,rec_794b37795a0246cc,Injected CLASS_DEVIATION observation (SOURCE_MARK_A) for student STU_115306 on 2025-09-17.,MEDIUM,42,TRUE
inj_094,evt_094,CLASS_DEVIATION,STU_225779,2025-08-26,rec_518537fc1838060a,rec_518537fc1838060a,Injected CLASS_DEVIATION observation (SOURCE_MARK_A) for student STU_225779 on 2025-08-26.,MEDIUM,42,TRUE
inj_094,evt_094,CLASS_DEVIATION,STU_225779,2025-08-27,rec_dc25207756a3a4ec,rec_dc25207756a3a4ec,Injected CLASS_DEVIATION observation (SOURCE_MARK_A) for student STU_225779 on 2025-08-27.,MEDIUM,42,TRUE
inj_094,evt_094,CLASS_DEVIATION,STU_225779,2025-08-28,rec_95ab2f673986eee5,rec_95ab2f673986eee5,Injected CLASS_DEVIATION observation (SOURCE_MARK_A) for student STU_225779 on 2025-08-28.,MEDIUM,42,TRUE
inj_094,evt_094,CLASS_DEVIATION,STU_225779,2025-08-29,rec_c12021368b2c7747,rec_c12021368b2c7747,Injected CLASS_DEVIATION observation (SOURCE_MARK_A) for student STU_225779 on 2025-08-29.,MEDIUM,42,TRUE
inj_095,evt_095,CLASS_DEVIATION,STU_514579,2025-09-26,rec_f3ceb01a11d1447b,rec_f3ceb01a11d1447b,Injected CLASS_DEVIATION observation (SOURCE_MARK_A) for student STU_514579 on 2025-09-26.,MEDIUM,42,TRUE
inj_095,evt_095,CLASS_DEVIATION,STU_514579,2025-09-29,rec_a9384e0ae3e0d12d,rec_a9384e0ae3e0d12d,Injected CLASS_DEVIATION observation (SOURCE_MARK_A) for student STU_514579 on 2025-09-29.,MEDIUM,42,TRUE
inj_095,evt_095,CLASS_DEVIATION,STU_514579,2025-10-01,rec_ec43a33d8410c06d,rec_ec43a33d8410c06d,Injected CLASS_DEVIATION observation (SOURCE_MARK_A) for student STU_514579 on 2025-10-01.,MEDIUM,42,TRUE
inj_095,evt_095,CLASS_DEVIATION,STU_514579,2025-10-02,rec_4bffe94c49d69596,rec_4bffe94c49d69596,Injected CLASS_DEVIATION observation (SOURCE_MARK_A) for student STU_514579 on 2025-10-02.,MEDIUM,42,TRUE
inj_096,evt_096,CLASS_DEVIATION,STU_297409,2025-09-17,rec_a07541c0ffdd8705,rec_a07541c0ffdd8705,Injected CLASS_DEVIATION observation (SOURCE_MARK_A) for student STU_297409 on 2025-09-17.,MEDIUM,42,TRUE
inj_096,evt_096,CLASS_DEVIATION,STU_297409,2025-09-18,rec_4e1317a1fea7e4d8,rec_4e1317a1fea7e4d8,Injected CLASS_DEVIATION observation (SOURCE_MARK_A) for student STU_297409 on 2025-09-18.,MEDIUM,42,TRUE
inj_096,evt_096,CLASS_DEVIATION,STU_297409,2025-09-19,rec_2a86199421beefb0,rec_2a86199421beefb0,Injected CLASS_DEVIATION observation (SOURCE_MARK_A) for student STU_297409 on 2025-09-19.,MEDIUM,42,TRUE
inj_096,evt_096,CLASS_DEVIATION,STU_297409,2025-09-22,rec_e5ecf58cea9ce4cd,rec_e5ecf58cea9ce4cd,Injected CLASS_DEVIATION observation (SOURCE_MARK_A) for student STU_297409 on 2025-09-22.,MEDIUM,42,TRUE
inj_097,evt_097,CLASS_DEVIATION,STU_968720,2025-10-20,rec_f0d35576ddfcdeec,rec_f0d35576ddfcdeec,Injected CLASS_DEVIATION observation (SOURCE_MARK_A) for student STU_968720 on 2025-10-20.,MEDIUM,42,TRUE
inj_097,evt_097,CLASS_DEVIATION,STU_968720,2025-10-21,rec_011b6908bf9bc65d,rec_011b6908bf9bc65d,Injected CLASS_DEVIATION observation (SOURCE_MARK_A) for student STU_968720 on 2025-10-21.,MEDIUM,42,TRUE
inj_097,evt_097,CLASS_DEVIATION,STU_968720,2025-10-22,rec_fe86f730686bf2c0,rec_fe86f730686bf2c0,Injected CLASS_DEVIATION observation (SOURCE_MARK_A) for student STU_968720 on 2025-10-22.,MEDIUM,42,TRUE
inj_097,evt_097,CLASS_DEVIATION,STU_968720,2025-10-23,rec_8a11110df4df3bf6,rec_8a11110df4df3bf6,Injected CLASS_DEVIATION observation (SOURCE_MARK_A) for student STU_968720 on 2025-10-23.,MEDIUM,42,TRUE
inj_098,evt_098,CLASS_DEVIATION,STU_370517,2025-11-13,rec_0431af1369dc7f3c,rec_0431af1369dc7f3c,Injected CLASS_DEVIATION observation (SOURCE_MARK_A) for student STU_370517 on 2025-11-13.,MEDIUM,42,TRUE
inj_098,evt_098,CLASS_DEVIATION,STU_370517,2025-11-14,rec_5ba4dbc1a0e68729,rec_5ba4dbc1a0e68729,Injected CLASS_DEVIATION observation (SOURCE_MARK_A) for student STU_370517 on 2025-11-14.,MEDIUM,42,TRUE
inj_098,evt_098,CLASS_DEVIATION,STU_370517,2025-11-17,rec_eae69a9a37dfd3f0,rec_eae69a9a37dfd3f0,Injected CLASS_DEVIATION observation (SOURCE_MARK_A) for student STU_370517 on 2025-11-17.,MEDIUM,42,TRUE
inj_098,evt_098,CLASS_DEVIATION,STU_370517,2025-11-18,rec_c1a015ddecc43598,rec_c1a015ddecc43598,Injected CLASS_DEVIATION observation (SOURCE_MARK_A) for student STU_370517 on 2025-11-18.,MEDIUM,42,TRUE
inj_099,evt_099,CLASS_DEVIATION,STU_410398,2025-10-01,rec_fd4fa9e5301e3c7d,rec_fd4fa9e5301e3c7d,Injected CLASS_DEVIATION observation (SOURCE_MARK_A) for student STU_410398 on 2025-10-01.,MEDIUM,42,TRUE
inj_099,evt_099,CLASS_DEVIATION,STU_410398,2025-10-02,rec_665a721b72074661,rec_665a721b72074661,Injected CLASS_DEVIATION observation (SOURCE_MARK_A) for student STU_410398 on 2025-10-02.,MEDIUM,42,TRUE
inj_099,evt_099,CLASS_DEVIATION,STU_410398,2025-10-03,rec_33b5fcd652ffd0f9,rec_33b5fcd652ffd0f9,Injected CLASS_DEVIATION observation (SOURCE_MARK_A) for student STU_410398 on 2025-10-03.,MEDIUM,42,TRUE
inj_099,evt_099,CLASS_DEVIATION,STU_410398,2025-10-06,rec_d37e7a46177f9f02,rec_d37e7a46177f9f02,Injected CLASS_DEVIATION observation (SOURCE_MARK_A) for student STU_410398 on 2025-10-06.,MEDIUM,42,TRUE
inj_100,evt_100,CLASS_DEVIATION,STU_303460,2025-09-11,rec_e3a3f25575817988,rec_e3a3f25575817988,Injected CLASS_DEVIATION observation (SOURCE_MARK_A) for student STU_303460 on 2025-09-11.,MEDIUM,42,TRUE
inj_100,evt_100,CLASS_DEVIATION,STU_303460,2025-09-12,rec_c6fef2cbe82d9f22,rec_c6fef2cbe82d9f22,Injected CLASS_DEVIATION observation (SOURCE_MARK_A) for student STU_303460 on 2025-09-12.,MEDIUM,42,TRUE
inj_100,evt_100,CLASS_DEVIATION,STU_303460,2025-09-15,rec_d4e6027b34cd4c08,rec_d4e6027b34cd4c08,Injected CLASS_DEVIATION observation (SOURCE_MARK_A) for student STU_303460 on 2025-09-15.,MEDIUM,42,TRUE
inj_100,evt_100,CLASS_DEVIATION,STU_303460,2025-09-16,rec_8a1cacc42c84dc4f,rec_8a1cacc42c84dc4f,Injected CLASS_DEVIATION observation (SOURCE_MARK_A) for student STU_303460 on 2025-09-16.,MEDIUM,42,TRUE
